contracts-53458367/011439f1c1c296fc69fbdd9b4f2086db13a8ba828d58cd599b4f5f593ca95b74.wasm, 3282, 784, 696
contracts-53458367/017d6f6a8012e954fe5ec032123e066b9ebcd25364860bd32e2e26d4d2c6cf8d.wasm, 16848, 1544, 1386
contracts-53458367/0287f4ad7350935b83d94e046c0bcabc960b233dbce1531008c021b71d406a1d.wasm, 2898, 776, 699
contracts-53458367/034518dd939f0a323b441e405750b2dddb86db251858f6d0eb21e01004822ed0.wasm, 1130, 516, 510
contracts-53458367/0439e5eb5841d8eae3e6b43e7428268397d38edbb4c2d9d09823a4b31b0c3a5a.wasm, 28409, 2780, 2392
contracts-53458367/04d3e8b60af5bcd40d90fdc7cc706b22d442c2c3d8f4e4c66314a5a60b42b118.wasm, 18913, 2760, 2266
contracts-53458367/05c05ff6ba31d8ad02b7cede524e544827473057845b9bccb0a3ca0cf23ab01c.wasm, 15144, 1664, 1456
contracts-53458367/078929c49941c631f2ccb3625e6db62da0731ee44ab2194c5ca33e02e8b75866.wasm, 11432, 1244, 1061
contracts-53458367/07c7ca484344ed228114084ddf10b2016c12918578771c2dd727b4b712716fb6.wasm, 293, 36, 31
contracts-53458367/086b776c75188841b6c53910a94489961f1873886eb1e92cb2bea252044554c9.wasm, 13302, 2712, 2337
contracts-53458367/087b17c27a124b1f75db0e5d68f5220e20d8987b555ac87a87db9a0247c52fde.wasm, 21326, 3792, 3302
contracts-53458367/08e0ee46cbaf82479a674a535ba4fb454389c9a557c7b8959a0804a46135e730.wasm, 19240, 2108, 1797
contracts-53458367/096ef5d5da3fade4c6fd8d169b3319f6b35e5ea62daf8e5baf4cae96f4526c83.wasm, 9140, 596, 502
contracts-53458367/0b1452c7f942b0879bab79dc5ffd15077ccbd5909ff806371660a0c7b43d88ed.wasm, 584, 100, 96
contracts-53458367/0b4d8db29605a780a3df25aea579a9cc8b65478cd5775d75778a7d8e2dda5327.wasm, 539, 52, 48
contracts-53458367/0c0433f737b1a3a21d9b17f60cf2b673a38bc20f0805ba9f7b0bde04093b87b5.wasm, 18481, 596, 523
contracts-53458367/0c12f7899a1af1b52600dfeacccdc3bf8106119d65e2bca2c8a93bb114ecbfc6.wasm, 33336, 5436, 4827
contracts-53458367/0c5bb14b013509b492a91e7bf09db2dd527ce8c7a8c049007cd953be9094ffc2.wasm, 20171, 1632, 1329
contracts-53458367/0cd50b810003cd0f4421f89063e6b7c7515b59255b73497a4ac9fb3a186a94cc.wasm, 829, 68, 59
contracts-53458367/0d6ce19f9083c65cb453e909ba43a3782d33bc7db04b3ecfbeeab5c5c8826847.wasm, 5381, 628, 534
contracts-53458367/0d78a64d9aaccce2623b8afec4670ea2dab349f0e5c90380a95bdeb6eb5f3315.wasm, 4233, 1292, 1126
contracts-53458367/0e7e427ee624f1a64854e37beba830c3b7ffa040ce365d88d1944af893593a18.wasm, 645, 28, 26
contracts-53458367/0f3423cda709890d7a5e36b31f74474a7f45162bdb3546bd93de98557f22035c.wasm, 9826, 2624, 2348
contracts-53458367/0f68389835616ab3b47ffb15117550b02ac124520fb566e4ca0be1cf7ed8df9a.wasm, 23161, 3848, 3357
contracts-53458367/0fffb0345c627c41c5eeabbf4ad7f21ea015f9235e3711e111317a1a848fff26.wasm, 10482, 2236, 1919
contracts-53458367/1071c5a61545b4b025837d30fc7558183ed74365547f94c361d9354ad5e05cb9.wasm, 27180, 1988, 1755
contracts-53458367/1079bee7206a3e29f8cfa1d5603c528f699640c88c155438d066f2dfcdba60d9.wasm, 24672, 8540, 8287
contracts-53458367/10aabf89028e07102d6360c6d180e8809f62910ed62d5a9789287c8db7d66628.wasm, 8067, 1848, 1666
contracts-53458367/11ba5c44157dfbdcfe1f67a54b3054952a67e5d36e5ed7876d26eece39d82c3f.wasm, 5877, 1188, 1005
contracts-53458367/12a264f28b33abd4c19fa2507194b1893813cc505aa8328f3495169eb952d092.wasm, 24672, 8540, 8287
contracts-53458367/12ee703a6126d427cf68ccd3173b173219d77339fcc096f6839615a87cf6d15f.wasm, 4778, 1364, 1204
contracts-53458367/13c5614b3a924bb0956d39c28884f5eb6a88dcbb8a34f35831e4a61b2c341fae.wasm, 39297, 5932, 5404
contracts-53458367/13d633d8e406e5bc0a521f2519144d44c4cd394a0c5ff704277659184276705d.wasm, 4336, 804, 647
contracts-53458367/14a9f98d9cd8acb8612581dc571700fc6156c1ba04ba89d2ecdb1f9056feff06.wasm, 4243, 1276, 1101
contracts-53458367/16cc7e0e678e95c981b99c35a93bb48f3dbde46c55e879257412ac6fb2ba3ae0.wasm, 10410, 1820, 1595
contracts-53458367/18051456816b66f12e773a56f77c5794fac1b1fb7ab6e22d4fad5a412770f73e.wasm, 27410, 7728, 7283
contracts-53458367/18336805466bbd05bc388610d36de73994f5b9061bb199c02418a073fcf4b281.wasm, 12814, 2712, 2376
contracts-53458367/18aaa5a99271d17356bf1cfb3c45c8b8f1541cd8491279f6ae46b869b788069f.wasm, 30263, 2372, 1968
contracts-53458367/1aa23951740091f238ddb75281c9aeeac6bd3b6b29a4de645efcc5c5ffb7e133.wasm, 7556, 3800, 3793
contracts-53458367/1aebf6dc9f05e01423ac011afb36dc87829cb2c34712f0f0dd4c98bbf3714c09.wasm, 20270, 2088, 1709
contracts-53458367/1b7e286025799fc53d34f01c2c68409f5ede06c53d4bf652a9d361defd3a132b.wasm, 23922, 3876, 3380
contracts-53458367/1bc6c356ecd32410271f2857634cd8a38b1a0b0975236090ce8af35abf212e25.wasm, 41688, 4944, 4197
contracts-53458367/1c04217af84d8ad799e1b460d1c456bcc4a9d26d9328031b1757c321bd5928d8.wasm, 23230, 3584, 3042
contracts-53458367/1c9c49e5ed65bad6319dbc8efb9dd44217e63def0f21e4fdcaaf4f582405986b.wasm, 4282, 1276, 1101
contracts-53458367/1cf1ad98b51444c86d78bb526594f7380ecaf243db3aee807a2e4813ecec62e5.wasm, 584, 100, 96
contracts-53458367/1d704331dda9871c03acd8b33cc27ea846e723d661fc27126b7e88e7fb924888.wasm, 62033, 7616, 6712
contracts-53458367/226e9cc649a87ae6396d7c46714b7d4378b029c666ad1b00da51a11aa55ccfc4.wasm, 312, 48, 41
contracts-53458367/22f461acb9cf45717ebc2038ac7a3e4c619aa6d63ece774f025636d810738212.wasm, 13761, 520, 446
contracts-53458367/235a706073c2cfc5d1a88b533349e5c7819bb16ae6f1d8c5f7414d990eaa4581.wasm, 580, 36, 31
contracts-53458367/23eed8ec8ca1bc0110219261e4f2db4562827c954c6a705b795dcf8134b2fef4.wasm, 590, 196, 195
contracts-53458367/24183b8f14ad7d5d961f94e7a8048549bf95f29058bac8f93d1085014862393f.wasm, 28496, 3188, 2766
contracts-53458367/25123ce4ef3c68fe25a2bde4f628f639d18f9ccbc05e21cebdf12105cb717238.wasm, 28804, 4964, 4455
contracts-53458367/25b78510ca85641fefc25c8aa3fc3daa96969ff4577d3a16861b61b608c7707f.wasm, 27047, 1960, 1736
contracts-53458367/25f9a46c125b47c837fe22ca6873d3c628dba4a17619abaa969b6299f8ecb87f.wasm, 30391, 2336, 1935
contracts-53458367/26c191e979bb4446a1f659359753d8fa7f8be1e1858ac6cd991568b6a6200a5d.wasm, 19657, 5564, 5019
contracts-53458367/286f4fc9deebdfb306cbd533f4cbea75c24c746f9fc4481e4dab0b4738e3797d.wasm, 293, 36, 31
contracts-53458367/29539cbc8a9e1be50ff1e226b325735af2958f4431390da04457bb7c1ea83385.wasm, 29947, 5924, 5267
contracts-53458367/297bfc31bc4ecab26f27b194e17fa440f0f1cae4c68f36914679ed4f861ce0f3.wasm, 13569, 2712, 2336
contracts-53458367/2a10395035a829ba38f9e0da8a619ca4f7257977f13fe840e949e84c55acf6b5.wasm, 7178, 1216, 1014
contracts-53458367/2a8c80a24e25e6003f5a26dcea93b41faebd29dcad616f1f021d1f1abd901ee9.wasm, 908, 72, 67
contracts-53458367/2ae12d8ae21c63301eefbfa1b63a5c3a2d9d85ac0a60593086b6a9020db6ce21.wasm, 7322, 436, 374
contracts-53458367/2c2b3c9756f372092f9120393b41b1b6a5aa5546de169d1100daf370e1c880d8.wasm, 34959, 7056, 6304
contracts-53458367/2c96d2d9f9e1784dcc16216f51298488158aadd52e0d08886bd244f6aa6ccb18.wasm, 1872, 308, 283
contracts-53458367/2cd1e92825cd5d29ce71df0b356956626d3332fa5a2117d743f63c8045882a03.wasm, 42555, 5460, 4639
contracts-53458367/2d51fa27a53c60132163cf5d579e1a104bd54e6342fef872ba8efc50657fce99.wasm, 3960, 496, 449
contracts-53458367/30133812a34f3b3d2aa680dc9623ac89f0eb7427f70fbb15907d35167aa5e9c3.wasm, 244, 0, 0
contracts-53458367/3190d6c26154d1257d66e7015f039ce1be2fc69b5d9226119916d182f7ac290f.wasm, 7721, 612, 541
contracts-53458367/326d04b8ef7d53771837f11e1ef5540a0772347b549be4485c3cca68c700117b.wasm, 17240, 1524, 1362
contracts-53458367/327edc2902457a23eb19d9150fdc3e3688f8b1246b01ce57965684192a5655c9.wasm, 43452, 3720, 3175
contracts-53458367/343daacc113ea8e20a769ec04a1c9e157cb520d7fc90286c4cb6a6f740c51433.wasm, 13759, 520, 446
contracts-53458367/34735c4395c476e5cc0bc25a96705a2bc74483ae8f23fd67e1e077ab098e7190.wasm, 14713, 1200, 997
contracts-53458367/366d3ae53b335a0e29caee0d85d1c5ca5fc62a2110ad73315f0d9aefcc906c34.wasm, 18241, 1848, 1669
contracts-53458367/36a04bb8f3c84acf130e1213f4ae96775e9cde9946d07a3d6f2e9a0cb975cc21.wasm, 512, 52, 48
contracts-53458367/36cf00667cbe75fce98c6f99632c423072ccc2336d67558a7811262754fadac5.wasm, 591, 196, 195
contracts-53458367/375995a596dd102c00f0a6a80b95ab4d8af2afff99b1c00816b052d8be4366bf.wasm, 575, 188, 188
contracts-53458367/37619824f970d1ff5ad6d2d2472a9af9e2eb3db14778469c2b231c4d9e37be54.wasm, 577, 52, 48
contracts-53458367/3828e27c28e2ae17b4b970e19167bca3edc668379ff3f274841e9501f4bbe23d.wasm, 403, 60, 41
contracts-53458367/3a958cd4f685d08bfe6b69bc300615cca905e563f5847265abb2d4df2e6ba32b.wasm, 14473, 2088, 1896
contracts-53458367/3ad19403a23fd8002ad3f82e6ba2c0ac595b4f640cb8793010b72c85943b7573.wasm, 1756, 328, 306
contracts-53458367/3aea65ff1e6f584e8987b61c641e090a33ec45512013c78bf6324c356332aa98.wasm, 293, 36, 31
contracts-53458367/3b08457b90e1dc90059c3420a3c0f66060377ed27f2af7d0c4061eb95710f122.wasm, 15157, 1852, 1533
contracts-53458367/3b361e654ad5274321a76b75cb7c509f7ffd1b4d3236ec32e0af052ccddb8fe0.wasm, 5877, 1188, 1005
contracts-53458367/3bd4a6da60043c5fe2d077bf31055ef7b83fe0dfccf0e270460ad2704b118507.wasm, 814, 160, 144
contracts-53458367/3c2e6adf068becdaa7c55e195124ed2ea50b2e6533cdcf30d3ba103b87965ec3.wasm, 52923, 4648, 4226
contracts-53458367/3c5dae1828b213c8615ea93b3430a01be31b8bddb8298663ca4b2a2642b1800c.wasm, 2393, 292, 234
contracts-53458367/3d69ca1fd7f2c14acbf60e0005f4327caa9944ebb8d8ad5a7c0269d87482d14b.wasm, 26219, 1960, 1736
contracts-53458367/3ebbeec072f4996958d4318656186732773ab5f0c159dcf039be202b4ecb8af8.wasm, 24403, 2680, 2225
contracts-53458367/3f42cfc31109f0a7db35129c19933cc858e317d359adbd2bb6d9b8ebd563e21e.wasm, 6164, 1560, 1316
contracts-53458367/407e01ee25a9ef57784eea8436d323e8388b4f4f335ae601bba269cdb69f2b73.wasm, 584, 100, 96
contracts-53458367/410eaffd7826d97b47291cfe7f883268b0463c1c85e767c389734155061c1105.wasm, 425, 60, 41
contracts-53458367/416f44dabbc1ac367ccbf6246e25564dc419bb3467cddfc3d2b559298d3c7559.wasm, 7656, 496, 426
contracts-53458367/4221b6435438dc3fbc901e19018544fc3ae394fc4f304c4cedcbe53f98df3e00.wasm, 22175, 5600, 4969
contracts-53458367/42d11b57e6b2ade5a87627e06a370369b44b432af58cc430d0b71c2de4ba706f.wasm, 28804, 4964, 4455
contracts-53458367/42e07c346e42d0ca5f5d500343540dafbeafa6951754ee77c087b3bad03b22e7.wasm, 18650, 504, 442
contracts-53458367/42f0d066da7849662cca67b80d3e4cd7562732b5fbc54f0ca60620a9a05450d8.wasm, 1233, 136, 115
contracts-53458367/42f8112094c963ba4450d948a90038fc88a13840b29b8909674d39db597ddd8a.wasm, 22517, 3560, 3044
contracts-53458367/438a5528cff17ede6fe515f095c43c5f15727af17d006971485e52462e7e7b89.wasm, 10448, 1184, 1073
contracts-53458367/43f80026ed37ba7a317808ac0fb5d848877810ba0deec69afe9cd5bdbc09d4bb.wasm, 26884, 1956, 1723
contracts-53458367/453d43574d387319d477c387d6452d6862305fa0ccbcc29b0ca5b68e2f6ff87a.wasm, 10313, 2900, 2520
contracts-53458367/45a3e942ed3c809d620fb86667c1ae21b321c0a0729aec20257cafdd8e526207.wasm, 18481, 596, 523
contracts-53458367/471f5c02556a8999b1447d1384cb5b373cae1668003b98a37421268f3c06fe04.wasm, 12959, 1008, 887
contracts-53458367/47d94f520bede00f21724a3fae31770142cef3567f8c0b1101abba1482363e89.wasm, 6903, 1176, 1049
contracts-53458367/4868dd213817a72db033a9f042c8ab27e80a08add7915b60c220b1a4dc267b94.wasm, 30211, 3828, 3308
contracts-53458367/4a0edd47b108b6605594fa8b6557b560e0ab56d2f8cc5ae4206fe5221281c09c.wasm, 12419, 1156, 987
contracts-53458367/4a64c8c8502df326f4ce06d98998dc7d8a61575a11d6c0fbd4c60d10dfe28ffa.wasm, 22613, 2232, 1827
contracts-53458367/4b3eca23fd7b68d4f4fe33a9fbb9334d3faed19f869822c54df12fb7adeb47b1.wasm, 280, 28, 26
contracts-53458367/4b9316721487281d8201e1c6044544400f120253487971e339eb23a465516935.wasm, 460, 60, 52
contracts-53458367/4be7713d31bbc8fdfe201bf41f5e12616aefcb548ad484d5f2bb193678192848.wasm, 9990, 2448, 2306
contracts-53458367/4c3db3ebd2d6a2ab23de1f622eaabb39501539b4611b68622ec4e47f76c4ba07.wasm, 34253, 15572, 15305
contracts-53458367/4c482f2d41663439cdfee66be122829eb47ed1b492588abc9272a97c93410a45.wasm, 742, 100, 96
contracts-53458367/4cc70fcdf4d884becaea2855f0e09ad8afd976afa630ff838de040da5e8935e4.wasm, 28773, 3972, 3529
contracts-53458367/4cd470fc841156a321c109d0b2c06796291dcb471046e910e7a8864432d32d11.wasm, 1190, 536, 527
contracts-53458367/4d195be2a39349df1679d06665c3d32f87837efb9d8396f6ccbb08463e180020.wasm, 2654, 632, 561
contracts-53458367/4d508a1c5d1e60f34ee8ab887deb0273fca2e982293b4f1d5728e055a016e06f.wasm, 280, 28, 26
contracts-53458367/4d62697bca9ff756bb345c3e609d84b168c4a4fc88693d6d12778bb5336a3138.wasm, 6612, 644, 600
contracts-53458367/4d7638a0453cc8acf0921487dbfe8100acfca674ae55cec8525261180e1260fc.wasm, 38920, 5932, 5404
contracts-53458367/4d919ea5895c7220c1a69c75c95624e5a4dda435526aa85615efebca4dbd3941.wasm, 21363, 3792, 3302
contracts-53458367/4e93fa8e08142934053b15b22df55183f1e13f229e5160ff263127e476ee0c7a.wasm, 18521, 504, 442
contracts-53458367/4f080d249700b9a30ca2e1bb828ecb29e47357cd36b122c7744593cef30b7a08.wasm, 30211, 3828, 3308
contracts-53458367/4f381278f79c01ea6d035165d8e8899eba9ed5429d9e1c85e41e15d627ed90ad.wasm, 11588, 536, 448
contracts-53458367/4f5397f535f1ea4122e6235fa3b4ae5318cc5d6d670e1e584c53c4612ccf353b.wasm, 1766, 488, 432
contracts-53458367/500291974b3a223677e260b060d96d4e2e3a97d43117096dd0fa5ae8fe5474eb.wasm, 9935, 2448, 2306
contracts-53458367/5002b29a4c05a5260370d7d761971ce9c071a578ae2ea8de3af36669f9feddd3.wasm, 38324, 5932, 5404
contracts-53458367/50dbf130955a5867b41454f0da32b4fba7f891e4704086d96a78ac95f75a468d.wasm, 464, 28, 29
contracts-53458367/5159daf4d741d7b68e7100a6ba863b2d86132b540c4f97b55d433317ad627659.wasm, 43367, 3696, 3157
contracts-53458367/51ac3adc6dc4d7ecf22ba7b0d174e424c51857f7d67936b09077b6240edbeb79.wasm, 584, 100, 96
contracts-53458367/5237e2a391e0eafe4f1f4e2ec2c942a95444a41f4d79426f3bf7d3a7abc3b604.wasm, 287, 32, 29
contracts-53458367/531feab70c29fe5373191071fdc5d92057cccee9f5d8113fc090447029868100.wasm, 7683, 496, 426
contracts-53458367/53985f16803f047fc075e9b00c763f9ff66551d21922848d7df77db7b746dd3f.wasm, 21874, 3560, 3044
contracts-53458367/54702372e6abfdc84af590e619d72b8bf1c2fc0d0c612eb19c43d9a1ac1f46d4.wasm, 36374, 5272, 4564
contracts-53458367/55ddf707650bbdb6c08448972866d2b508965d671c396e284c66a524d5bc0334.wasm, 15293, 3292, 2939
contracts-53458367/55f2d22fd4dc238a4d3935c8d14f7f77f585b3713fdead02b931d3bbe7c1471c.wasm, 19904, 3032, 2706
contracts-53458367/58f3e6a1d1d38eda9976e0e4db0b537d73c126773e4f48e97301582041d1da6c.wasm, 1874, 308, 283
contracts-53458367/59323fdd0bcc2b41d2a0f962b5f2e10cf8a69784fa0e4d1784639630e66c9ff7.wasm, 19054, 1184, 1030
contracts-53458367/5a18396ce92fcd207d47f3efca7e17531a6801c45f8cfcd9fa1fb7bb85ea8a86.wasm, 4295, 1352, 1180
contracts-53458367/5a7cd921c7a54bfe4392ccf5013adab4008296c30971b94ea58815227fb1ef0e.wasm, 39708, 5956, 5422
contracts-53458367/5b1a26f00242495c732015de34a263e5f6cd3f04a58c69f6805ba1c1f8bb7087.wasm, 13761, 520, 446
contracts-53458367/5b40f7361366d795bb8b91dda623741bab310c018230a10361d2004b8b64b525.wasm, 4454, 1348, 1179
contracts-53458367/5b4d43fbfc709ab0344cacb007fe3e78e7abd51767f3b7b5c53f86eabbef6518.wasm, 44059, 3696, 3157
contracts-53458367/5c4d4fe06e462d0e3d1db136ff9a0d53cae3503fa3477db23db190f64d77cb69.wasm, 280, 28, 26
contracts-53458367/5cb341f3a0f9e6f9c80956dfcdc12c45e6b130e4e95c179c8b551212b366e9a3.wasm, 27588, 3928, 3384
contracts-53458367/5db738b05d9148128a240b0e2c1cb935c2805192bf98a579421aacda364c8dae.wasm, 9894, 5536, 5524
contracts-53458367/5e36f06c16479a292140752a66fc121b2cec12e596f1d6101e0e10718fcb48a0.wasm, 21625, 2560, 2081
contracts-53458367/5ee8f4da9fb5aa9f0df9a31a4ffe719b76da8ad3e568c223fe13df8401303187.wasm, 10650, 760, 619
contracts-53458367/5fc4441a1f114f0d2e52578bafd95f56f2f2b67751cc08961a690b80e6fd61f9.wasm, 7382, 2496, 2224
contracts-53458367/60332ba12801eda65874e9afdbfdf8d114f56011fe7d1f902103cd7767c547d4.wasm, 8364, 1932, 1732
contracts-53458367/60353edc14f1370441b9a82fab42d104dc488c2a0448a35952b828d4740ef732.wasm, 7687, 496, 426
contracts-53458367/60e5a17111ae7f33b3c626e0f9e1cdf0b609e0e8bd77e8bcf3578a6ebcbd6543.wasm, 27264, 2012, 1773
contracts-53458367/61079ef75168714c8472d492313197c7b8f8375832f060c0e186d140b13c5c6b.wasm, 60708, 8316, 7399
contracts-53458367/61622d86491f13225db35a5e6867c66cf08eb99cf5d25e7db8ae8e504bb0e78c.wasm, 18389, 596, 523
contracts-53458367/61f3ec45073b00a29bce98268932a9dcfa4f803efd2a425e0938d44047608b4d.wasm, 425, 60, 41
contracts-53458367/61fcaa95e0aee0d9b0c0cc4c1247e1088cb961f3f557fcdf7ab3f7abe97ad43b.wasm, 19131, 1812, 1599
contracts-53458367/6203d68fa729d303b69113e8d95d2ece3c0aeebe8f6eb2542500afc0efbd838a.wasm, 18849, 2108, 1797
contracts-53458367/62f61b32fff99f7eec052a8e573c367759f161c481a5caf0e76a10ae4617c3b4.wasm, 27518, 3040, 2671
contracts-53458367/6403121c24b17deed1d7f39ddbaa96119b6c9af1a6a24bc30bbddcf962c257d4.wasm, 372, 32, 30
contracts-53458367/651d94293fba14b5534fad59d7d30dec4f8abff50489dbf418b21e03e5b7fdc6.wasm, 3532, 500, 454
contracts-53458367/653ec64cecdcb96308de4b8e2367606ca43c30529312f0e7a2e6fa95d0478d60.wasm, 24979, 2284, 2020
contracts-53458367/658392af7e6d39d640ff49f252faa7216e78bd19dcda4e79b590f6f63a0aa76f.wasm, 593, 76, 60
contracts-53458367/65d44092f176e02e7f2f6eab4a9a60fbfc4afa1dd2666d1f26cfff0decbff75b.wasm, 1173, 136, 125
contracts-53458367/66012cb4ee576703e78a9ca8d36c87184201f864f52d649c67f8bbfcaefd8ed5.wasm, 2604, 336, 293
contracts-53458367/66941a8ceb262cf8e8227e573dfd80486820abf2a89423b7fc06c10be4ec723e.wasm, 6315, 1560, 1316
contracts-53458367/676b4c9260b694aaf448639f581de3bd4dc71b4553d03fc457b63fbc9a9d55fb.wasm, 13585, 1088, 934
contracts-53458367/6792e234897d13a25e47190a6b392bccfac691f8ebc614d48f6db6f82abf321b.wasm, 33668, 6808, 6076
contracts-53458367/6890f00ee44367eb94f390c7d93ea5c92825313e3716784a9dc26b86b2d45188.wasm, 12371, 3452, 2998
contracts-53458367/693c54a3acb11cd87fd707805c9ef5ef967c874441b2431ab7fce60a6b7677b0.wasm, 4547, 784, 686
contracts-53458367/695da0050d5481fe1a1dc0edc94792223b4a152b80f8a1e360ec05a773c06196.wasm, 17747, 2316, 1982
contracts-53458367/6a2feb8065c1858db5e767139f71b75cf5f6ae1c157141377411e02f2a98ff6c.wasm, 9589, 1764, 1486
contracts-53458367/6b1454e7837d2b3abd654fa65ba0f8b09dcf0a47b4587aeb330099ee41549f8f.wasm, 5161, 596, 505
contracts-53458367/6c4abe57ad2f83905e74a334a0b0c8191a2cc8bfb59ea46c95e4f84fe1c45697.wasm, 387, 36, 31
contracts-53458367/6cdb9a3cdeec01a113c50e311218eeb0991aff8f7b379f556badca2b49b1eb01.wasm, 13616, 1928, 1689
contracts-53458367/6edb49620c7bb90745dac6645f17f2adb6b03ab00359897d8bcb93da58980479.wasm, 32843, 4920, 4374
contracts-53458367/701026cce8d7f6fed4166eefc934be7dc104ed5a4c6d063064e68d3ef6ea93a2.wasm, 11818, 1792, 1486
contracts-53458367/7033b8d936f3ba50cf294bb3388afffd18a404201c972e404d14dcf789636123.wasm, 19242, 2108, 1797
contracts-53458367/708cc40d6e46fc5134a76b914220b4694bee8f13e0b8b2cccd7aaadea19b457c.wasm, 7331, 1324, 1152
contracts-53458367/718cdb86a1fc7371720032795f849a28223478e08e5405896aaa63d59ce0eacf.wasm, 28895, 2224, 1842
contracts-53458367/723523383575ffad246408a1d5674cbf97356b27fab5357c6e6d2081096b3cb2.wasm, 11176, 1156, 987
contracts-53458367/73e376524114583300199a27c5c79bbfc287d878967aa1c73033605ece31ad77.wasm, 5871, 768, 663
contracts-53458367/740429b5bb4cb5af66533bcef7484c38285d222ca45df8d2834b6ad45f9421bf.wasm, 11452, 1244, 1061
contracts-53458367/756d8a64cbeb7b1c9b4ac80ca1bbe8b1300835200b748bcadcd85fcbfbae6e41.wasm, 28023, 3716, 3319
contracts-53458367/762c4fd476047334aedd24204d9abe9898174ef0c1f1f170827318b02e7f3d10.wasm, 7406, 1296, 1125
contracts-53458367/76ebcea354d5959c5b0d38818ddf1524c5af16970231b532f5caa63121930861.wasm, 49912, 5440, 4620
contracts-53458367/76fd3726f153a8fb18301bdececed1af08f4109841389a59f0aab9dc473eeb08.wasm, 43464, 3720, 3175
contracts-53458367/77bd198231c6d3eeb4c1390d550e15f09a31c5db51403b10641d4b8a0339844b.wasm, 5484, 892, 788
contracts-53458367/78f67651542409675abac9185874c81ed19441dc5fae3028372c7803a9e5545a.wasm, 674, 100, 96
contracts-53458367/78fb45ca41b18acf4e7de7b142b7338b8ca8571d4862733666c41d980911af29.wasm, 4918, 1532, 1345
contracts-53458367/793d6184a41011c2343c4c0c404f02768e45716318e1cbc3e29148e610196538.wasm, 357, 48, 38
contracts-53458367/79844e1cdded979836bb3d1cb643931350ba61f383eb39678bf33bb5f7161df7.wasm, 846, 136, 116
contracts-53458367/7b201ba42729d379eec64b56dde7fddb678fa6b0c8b04612a9ffe37ada829f95.wasm, 2701, 720, 636
contracts-53458367/7d342470dbf0d32d48c7679da8f424a478c6af58018994cf9138650eca7dfc92.wasm, 48452, 400, 358
contracts-53458367/7d41b2b48b58c03c31c580a2f6791aae7ea602a699711e8d2009300bd4815667.wasm, 3478, 720, 633
contracts-53458367/7dae554de6c9ba21ffb9acd9b9ed6661fd6179ff9038a6b29ba6909ae4259802.wasm, 4486, 1380, 1201
contracts-53458367/7e6ca2bc580f621e46d5de69d780384658a45c8c2cbca2d7b46cad9e3809732c.wasm, 43668, 3664, 3125
contracts-53458367/7f7c3e89d2380f6e8e43eb418657436c491581cf2acbaa9ae4853a21c26bf859.wasm, 7943, 1400, 1212
contracts-53458367/82ae7f78b0bc2721bc691d51ea76aedc0695acbda60351edfdd843b0a2f2821c.wasm, 1874, 308, 283
contracts-53458367/82fecb49693c94c1390ffbac61850fa94efcc20bc831ea09d326924b0290ffba.wasm, 29316, 3056, 2648
contracts-53458367/830f160eb13886e348a5687835313cdc041ee398931ac53259aab7031e585adf.wasm, 17622, 10864, 10177
contracts-53458367/84e25f330258e25d67c0e56b1c98cc94a171404c1a0c2046e37b77960cb06832.wasm, 26542, 1960, 1736
contracts-53458367/857f3a3c90e99dcf96584919775d44a21a5b13306a374585f8b7c070d7bfc565.wasm, 931, 52, 48
contracts-53458367/8597229abf161531166aefab43afd654d2659e7c9cc0a75274fec2239817f99a.wasm, 27652, 4720, 4147
contracts-53458367/86ecec909211dd3f31b351c9dc95be9a75136f1ed524fc9edac9c2368edb6288.wasm, 21301, 3792, 3302
contracts-53458367/87192b3944d3ab94d3b27b85474ff451a6638474c91940933f1882aa08d1adf8.wasm, 27298, 4632, 4160
contracts-53458367/87a01f87d2ff8efdad102ce3e43ef70c2edf076a9bc55925f066231bda909429.wasm, 2582, 664, 587
contracts-53458367/88dc8a0c73bc7523030f31706a5d2019d24139b1cad5cf45b32f3436a995fbb7.wasm, 31512, 6572, 5847
contracts-53458367/89a049787cc9cfa4537c5cf1413574e0690668b0522751181dd32194288a967b.wasm, 22161, 5600, 4969
contracts-53458367/89bb628dba0b34a05f82354e91f30af99d1802a4fafcc1d54c72b86426fc044b.wasm, 1784, 532, 473
contracts-53458367/8a22bf38966e86ee9c8a4f8b475624e8470ec09458639e2b3888c8af2e5cebb3.wasm, 21363, 3792, 3302
contracts-53458367/8a87707d8c197418dfccf6de25f33b389a10589cfc6230b99db29569d41e1e5f.wasm, 18836, 1828, 1504
contracts-53458367/8abc28913035c07411ed5d134e6bfeab4723d97ddd4d1a22a0605d35c94d1a36.wasm, 29046, 5140, 4328
contracts-53458367/8b310c3a822d4157e327d8805597a53d6919a7c6a18481bded2daf65ff16cce3.wasm, 31398, 7344, 6908
contracts-53458367/8b6b5fb297091300fa303a22475bef0de2611fde33ad73765d61212115d2d96e.wasm, 3796, 804, 647
contracts-53458367/8b89f74f1caf66407a0f3c093ed9af057a16e5cf55bee56d779ea454a6c30b1c.wasm, 2729, 720, 636
contracts-53458367/8bc7894d8a4e46b085d0579e233e3c436bb34e18f9a2a83d4bde8526cde18cb6.wasm, 2898, 776, 699
contracts-53458367/8bc8b9773838d4a1f386521423cb3d1306a7a5b773a30cc11e612ac27ec23741.wasm, 13444, 1608, 1331
contracts-53458367/8cbb77f6549092faf1434da34d4d6ba62c02554c90273f06c5f3e417c8178f31.wasm, 2174, 292, 234
contracts-53458367/8d151d7c213d1d72437a4bc17173d93b4fee7150bd7ff111e6e55cf698f9e4f9.wasm, 44140, 3720, 3175
contracts-53458367/8d633fbaadc4e2ba32bb11883d5cab65caeca623c1ed5000d8f4a30287ac8109.wasm, 10253, 1720, 1432
contracts-53458367/8d954489999199e21e677281cc03bc7882764d6c208fb60cdd552e823c224018.wasm, 19597, 4696, 4266
contracts-53458367/8dfbc6ba300cde6ebe747cf985cf9221bf3594981595b9c26bbd108ff19a5598.wasm, 27501, 3032, 2662
contracts-53458367/8e1fe72e1b0acff83779456f492663d4cb8cc6e63526ecd0818cee3ebacfd27c.wasm, 14817, 1232, 1021
contracts-53458367/8e37b9149063338d2606522e375aa7bdc133bc7cf17e6aedc10305a270cda304.wasm, 26384, 2876, 2631
contracts-53458367/900c33b69cbe34748df4443f7681775a02b30599e3bab9c7c9f8b3225a3b1f1b.wasm, 7472, 1324, 1152
contracts-53458367/914dc1baa2e7702ca6566245443cc22a1b5db6433943c1d1f662736d28cf0495.wasm, 28486, 3188, 2766
contracts-53458367/92999c37c1323f501373e3efdbe9fd886564e00c2ac67f4318708e450ad11c0b.wasm, 18965, 356, 310
contracts-53458367/92dfdf80966472fb3c7d4521f539ce581ac19a3a9db19fd89dd57d090c012b0d.wasm, 576, 188, 189
contracts-53458367/931f5d79888f6328e0b7c64038d7d2a5dcc00e6a3decbc31cdbdbf978adbee99.wasm, 24610, 2592, 2222
contracts-53458367/93b69eaeee665ecc00f608fdf3492c592b551c4d0f61e7ae14ca3be34b22754f.wasm, 16861, 1580, 1430
contracts-53458367/93c5e22d071a330e789bc6a62409a87a0c05966273977e22fcabfc57e834f548.wasm, 6189, 1324, 1152
contracts-53458367/93d76f244977df8a642cd43840e4278075a17a4e203de4ac5bee394f6644178a.wasm, 32535, 6636, 5906
contracts-53458367/94cb92e72554da28c77aa57590ee1f53437fe732c4ffffae87c8ba03adb52cbf.wasm, 21184, 3720, 3233
contracts-53458367/94fc6902b249e16138b8319beddf124857a90fd614a1389abb3ba3d1e5fcf1f6.wasm, 580, 76, 60
contracts-53458367/9571e58b3ba2ca75b8ef3c6d29770868a315ad851ea21c635d6507808f6b3152.wasm, 1282, 240, 209
contracts-53458367/95e43b26f26086f01e16d1d367797fd9ca46d0853e29daf650feb64134dcd531.wasm, 722, 56, 44
contracts-53458367/95e79483a62a1a1aebe8b6d190f793d044cc289e1233d84d800217903af90b30.wasm, 21363, 3792, 3302
contracts-53458367/96c6a73863de6e331d8103898f421bb7af719b87bbd4ac14d5a16f6b2662546b.wasm, 19032, 3912, 3446
contracts-53458367/96feada3dbda254c77975fb1492a2a0c9bf2d0326129f1c10a8cc7d232fcec9e.wasm, 1501, 164, 145
contracts-53458367/9726d6f1efb0ada9987b1f28f8080804248ab0847b59d5d04b91d2176af6b276.wasm, 26507, 2876, 2631
contracts-53458367/98205bc5f857bc5576f2904d5312c7f1438053e95e92be37ca5d13941817d1d0.wasm, 23864, 3848, 3357
contracts-53458367/98366517421148a7966dfed32961b6d441e0307e838625129b80ffc676a1d529.wasm, 20303, 1632, 1329
contracts-53458367/9a2efbee9f3be796a600a8c288eaad2e709dde25e376dcaabf49e59a9643f872.wasm, 9063, 3844, 3752
contracts-53458367/9b274ad09bec5d7b63e5c0d5a4bb5d78b6a3c2e2fa1098dedcf606f8989dcc2e.wasm, 26341, 1960, 1736
contracts-53458367/9c50189157c4ea350e8f8fa8476fcc4776f43f8b408221340b2837f87d4e3f09.wasm, 425, 60, 41
contracts-53458367/9c51669a75c47414b778f0f5bfab14d3c59ac5f85cb448e575e308dc89c5425c.wasm, 10014, 1192, 1024
contracts-53458367/9c94ff2be2f0acd406b2b64ac019d42d31374976590a027aa10c96701bf11550.wasm, 7421, 3524, 3100
contracts-53458367/9d5cd9c146c23b2044aa077f29c7f77e83c34fd69268295ca4856e4e86e5f807.wasm, 1158, 36, 31
contracts-53458367/9d93be2e0c2ea02291828d84e6a8b8ea224551d5a37c22ad59da22b3c5490307.wasm, 13954, 1520, 1307
contracts-53458367/9e329f20fb6e9a3473aebfaf01ce68c2df7c56607282f6092641db2d6bf0ef58.wasm, 28241, 5140, 4684
contracts-53458367/9e398ab7ca651b4277df9ed390f4e012465c21447bad21ed6a0e9c6b975fd532.wasm, 39296, 5932, 5403
contracts-53458367/9e6e29693732554760b5955a67832d0772f0d4d5d6ad13182d9243086316e2d2.wasm, 31555, 4664, 3954
contracts-53458367/9f10e0527cd180e53ab3da55484eca00c004333309fbff81b5ba8a52d8909f26.wasm, 34687, 6156, 5418
contracts-53458367/9f88e195c1dae60a9a47c380c1bffe48eec883bf331607f528ad0eda920cab09.wasm, 38579, 7528, 6609
contracts-53458367/9f95e0a20f9d3651a325f2f2f1fdb5af6325d974b47e7c0fe914c1a3a1536b30.wasm, 16321, 2480, 2074
contracts-53458367/9ff4e5eb4a501bb35364c82c5cfe9abc613445672646adbff83ca4b0c80380cb.wasm, 17270, 1544, 1386
contracts-53458367/a006fa964fd108face839e47a41497a43038b153c0512e40edebe782530b14d9.wasm, 1209, 252, 230
contracts-53458367/a077473710c335324cfebd611c5604fc78bcbf4da42551901fbe4d3d2b300ac0.wasm, 360, 36, 32
contracts-53458367/a08aa576e06f8da7dd72554a6a396836a806c53ad4d757166137b9424c3d3d29.wasm, 369, 36, 31
contracts-53458367/a0fdcf79215427674c81f4f69df44b40cad73d397a09ddaa6ca0779ba86f2c00.wasm, 25175, 2596, 2372
contracts-53458367/a1830c6daf15ecaac73dc7a988c994a10bdedaa26a82fd6fb2ef3b0160da5e59.wasm, 626, 56, 48
contracts-53458367/a1b8523b41b1f559945724415096be6291dfff0fc801049c167381d755b0936c.wasm, 9901, 2536, 2239
contracts-53458367/a1d87b2d3a271bc0ba540c9508bf2e18a3144d92030b1337da0edce81039fbc5.wasm, 33893, 6232, 5449
contracts-53458367/a231e5057ef9288fb427942892e18c5f939c77491be08249573c9a171514e294.wasm, 3922, 624, 527
contracts-53458367/a2b79883db0af8c9f4ea8d941236bdfdf870039b4f7f6d35d791b752da54b4fe.wasm, 7554, 2316, 1890
contracts-53458367/a4cb184e4e265825f9f3604a7cd6d07e5a7b9831c4b4fd1797ef7c2cef28c8dd.wasm, 7628, 1364, 1184
contracts-53458367/a5a604b51aaee8b7e9cd4b5903948d039e49a09380bf5efa46ed31c006cb8e33.wasm, 753, 160, 144
contracts-53458367/a5ee8fba5dc3d3ba59919556f520d9c6281a154fd29193588cff0a9215546ebc.wasm, 2751, 488, 433
contracts-53458367/a65fc38be708c9b6cc204d6b6046fcd3d8bd4a5e7e9a5a47233d4754bb5abd81.wasm, 29930, 3828, 3308
contracts-53458367/a7463634674ca764401e713e4e29aef4e8521877f76ab78b1e91bea9d46ec6bb.wasm, 11478, 2624, 2318
contracts-53458367/a757a1ed02cb764a3d76d9c6a82fb3ab67fc1e5ccf980966f5a89a0bb280949c.wasm, 26560, 4392, 3835
contracts-53458367/a757fd97e5a67f586c5aadf6ba8d17a9d3df872ccae093e564c2b3de143c05f3.wasm, 38323, 5932, 5403
contracts-53458367/a7b453eb3debc004cbe666707d3841c559054627f7c1b6f3feb0a84474065e1d.wasm, 10305, 1740, 1448
contracts-53458367/a81ccd988cf9b52493e048309b1ff8b0d01cdcd6bece8cf173ef69dee42114fd.wasm, 21104, 3688, 3197
contracts-53458367/a89ca4283f5a713b476842a3ef8ba16c19e9ac42826b87907cad3bdc01356b56.wasm, 10908, 2084, 1956
contracts-53458367/a8b5b5f504971e8bf84c159f5be3ffc982946ed41c6ffd6ea4728b07b574047c.wasm, 425, 60, 41
contracts-53458367/a8e494180c0683a17671f9d14ea2add484927907b021d0c8d2ed23cecd705e02.wasm, 27743, 7976, 7598
contracts-53458367/a9214db351a3e61cfea4a54bde7ac4633f92c0e09277a81a14a14098ad7764c9.wasm, 6373, 1016, 882
contracts-53458367/a933f95f203410bc2d86d4f1cae26893046b8c391dd8b517855dc01d0adfe974.wasm, 26895, 1960, 1736
contracts-53458367/a9b7b0905e4fe764c8f2c9bc0a88585bca9b6896e0cdf4f9d147a5aec907e08b.wasm, 12325, 2408, 2089
contracts-53458367/aab6f670caa14f0e428bb592487e3bdfb10cc906967bb3139111409715d46b80.wasm, 7616, 3800, 3793
contracts-53458367/ac02473c9bde4a06b686a506ed26ec66eb7632614680fee65a14841c012428da.wasm, 14737, 1224, 1013
contracts-53458367/ac63334c62a48aa3ea5c2187e423ebe89bcf285848e25251aa839667323083c8.wasm, 28903, 5576, 4943
contracts-53458367/ac838c1d86551e39c5e87b497138ab23cbf8fb585bc7bb9acad24f1f151efdc3.wasm, 23212, 3848, 3357
contracts-53458367/ad2578e6fb0658db195c877290dc70dd9a2f0b70a699181c45b445c36b6091e3.wasm, 34396, 6312, 5501
contracts-53458367/adc067b44df293ac25f3adbc55f03253c86c5249f517121be0240c4eef9e65b5.wasm, 2146, 260, 221
contracts-53458367/adfc960535c3ae4fd3be18390e684667bae6115f560cb1944e6c0484b604331d.wasm, 28834, 5516, 4892
contracts-53458367/ae867e16a904304027b47f65fcea1e347f709cc672a67585ce3e8a498cc2ee82.wasm, 15293, 3292, 2939
contracts-53458367/aeb454317eef7883efc21d7cfd7c0cefb058e0279e8fb80fd9f3f56cdc715505.wasm, 29969, 3828, 3308
contracts-53458367/b0c4ee88a2d47f346ae35fb64aef1d167e2148cf7fca7493ba88b058d49068a3.wasm, 8385, 2536, 2239
contracts-53458367/b1555702a4cca7c44e02beb5aa82b0271c0367471c68f2ec9246c31b202e38ee.wasm, 10287, 1176, 1064
contracts-53458367/b171497d25b17e09a9725bfeff436938fa1c4533486dac14e6cdfb4678ffce57.wasm, 35172, 5012, 4331
contracts-53458367/b42e3ab8c7d407a83ff64b0250087cf76a30a78f9de96cc45b3008f0b88e48b7.wasm, 39505, 4556, 3862
contracts-53458367/b46eb071487fc9e944e0ca39c5bf220925b26ce4b966e8a236b67f3ecef099eb.wasm, 7554, 2316, 1890
contracts-53458367/b699527d2c20d3d2509be6bacfacb5bc70e4443e90217c55e0e031dc98e47d09.wasm, 17677, 2152, 1855
contracts-53458367/b7eb18e2eb98b67e8be57168b52f6555414570202825604b3beb5ec3e33ac41c.wasm, 44063, 3696, 3157
contracts-53458367/b9a63c1d0aabe503799c68e67cde630374a082c565b26d4c3d83cfc3c238522c.wasm, 37929, 5752, 5263
contracts-53458367/b9e2fb47a14508efcc59f5d51cb2542957c110c7ea7fca19b224b1d438bb2994.wasm, 798, 56, 44
contracts-53458367/ba057fb6f20b6f4048ed8a5b142cfb35ff4b91d26f787295f2080623602d01e7.wasm, 43371, 3696, 3157
contracts-53458367/ba443fe6304fb0b3bafd60b6e78ff3c35ba217277e8790f7fd130ddab63761f2.wasm, 3227, 1644, 1530
contracts-53458367/baf978f10efdbcd85747868bef8832845ea6809f7643b67a4ac0cd669327fc2c.wasm, 49929, 5440, 4620
contracts-53458367/bbb53a22412aaa2e0ba54584fbac0ee588db6c94631b4531ce47cdd355ca248d.wasm, 575, 188, 188
contracts-53458367/bd2d4a81ba220e9e6d03e7b20597dc27253c66a17e63e102374efbdcb7ef0565.wasm, 1167, 328, 296
contracts-53458367/bda5a770922d2974dc0ef0919c9b1c854baef96c1dc615a908ece4d63ef48cc9.wasm, 7189, 2216, 1972
contracts-53458367/be0930f3ea601ace331ef591471e824f61a1f5c6e5721f126d9635a5dfec28ff.wasm, 4332, 776, 664
contracts-53458367/be175f49637c6dacce479a69e05f8b6a6980405200ccffca561a5ae4afc125da.wasm, 38767, 5872, 5352
contracts-53458367/bf0a4a804ed970a3c08c70122bffc322628f915737c73ef7c23d2722f9c31cbc.wasm, 18965, 356, 310
contracts-53458367/bf7adb09076853eb3aa569278754111d86e161e35e7dc6a984ecde2b9d6700ae.wasm, 2502, 544, 486
contracts-53458367/c0221f880ee2246ec2f584b7d1c7e2c33007ede8cecc745cad40e9c0bc5f074e.wasm, 17181, 2060, 1718
contracts-53458367/c12c121d1eae0c11633206c1f8d59eedb4391293eeb6a97b2565c8430abfea0c.wasm, 21523, 2540, 2068
contracts-53458367/c16ef042a253caffaf15f6887a39573b7fa6bd272f7109917aae2a643b982171.wasm, 21319, 3720, 3233
contracts-53458367/c1835c705b5a8c5aca540cae42bc72985b4331fe8135ed06a7e5a46caee5442e.wasm, 28776, 2260, 1875
contracts-53458367/c1ba12557ac62d1da4632333d4715689ab444537129b20556f2829e003922bf6.wasm, 28107, 5140, 4684
contracts-53458367/c413e1ad901eb994c0e6bbf678c350506d14af50018c3e580407dfd08ecc5586.wasm, 612, 28, 26
contracts-53458367/c5b969c0100da15ad96ff6416c6b8a30629045f1ea4f36744f4a5961425d50fc.wasm, 403, 60, 41
contracts-53458367/c64855ddc83a77c39da80061fcbd950a49e9f78a46a66ef2fbd442c0f94c976e.wasm, 43171, 4840, 4101
contracts-53458367/c6fb33e7ea909d6050f33f52c617314ed1a3eca5fb15b7b4fbe72debd13309b0.wasm, 17169, 3372, 2975
contracts-53458367/c72d13a0a2fc5c55303d6ed3604334e73d7db2f579ee66da5d3c8e1f335d4142.wasm, 44063, 3696, 3157
contracts-53458367/c744b87d4aceae796e9ce8f57a6626f1bb65e35796540e13bc7f8b12f835133b.wasm, 14754, 1564, 1357
contracts-53458367/c860873f7ffdae8e93467272a9ab7caa2b6a9b37a3c4af6c201d5395eb15a0ad.wasm, 32403, 4920, 4374
contracts-53458367/c86dc7f0b5b17fc2aca373d7c2eba2b9e4ac4dd693c069db57c3f46e6b73e0b3.wasm, 44152, 3720, 3175
contracts-53458367/c8c2c8c441c0e4c42ebb278a8d421c24f2a9898991fbdbd2720a121bf43bc57e.wasm, 21301, 3792, 3302
contracts-53458367/c961e5de68b41f90088f51b55579778ac8c0bba099076a68eb1b15b8bcd98e50.wasm, 27176, 1988, 1755
contracts-53458367/ca0d743d639479ae5863428db4526ede3decc208b2933dee6d9922aa408f4173.wasm, 809, 68, 59
contracts-53458367/cab7f385e9d171155664d8860e09b91bb4d349b8c908b29237dea3eb9211c429.wasm, 2232, 508, 460
contracts-53458367/cac881470a58c88343f9052aceab6bb7fc956ac6ebf82f300e331f8943d58728.wasm, 1320, 412, 353
contracts-53458367/cb7b1e97db9db450f216478a389b47dbf11a29d380200ddc3ccf32dc4487d78d.wasm, 18963, 356, 310
contracts-53458367/cb820e60539caa3663b6de42cfa16badca01e14a043dfbb543d6239595e2cc65.wasm, 2725, 536, 479
contracts-53458367/ccee8cb55ef85dcc44d1443782e70f94395b59780239cfb33eb35b612febe70f.wasm, 4293, 928, 809
contracts-53458367/cd12c963fdcf03b8ac942f15d6fc8e0389d2dd6618143895a8019c5fb7e960a6.wasm, 695, 248, 225
contracts-53458367/cd25e0e15bddce0e070046971632569ed9ab830ca9b015d04ec53100c0181185.wasm, 593, 76, 60
contracts-53458367/cd55c0fb85d514acadb1a3e0694d4971e6abffccf55142e111b7144ff673543e.wasm, 14899, 1200, 997
contracts-53458367/ce276fce15c0cfdf94444317454637d058eb080f9e55c20dfe31054a07be8f29.wasm, 28800, 4964, 4455
contracts-53458367/ce4dcf0f00695a5ee5804e390ce4cf8b4587ce689bab3f7955f54b4f03f3799c.wasm, 19360, 1804, 1553
contracts-53458367/ceb80f274a06f17e1b54522093197aaca7906a4f860ec9a8bc1a4e7bac170f1a.wasm, 17511, 1852, 1533
contracts-53458367/cec175385911bb959a92b4f27d4be583514ac39ecd16c2e9f7c5d3a3d9397b1e.wasm, 9412, 1028, 883
contracts-53458367/ced02ad53038f7d87cb0637e9dc6d95e475c6395c2e9bf929c30f3623ce63159.wasm, 12419, 1248, 1066
contracts-53458367/cfa823e62197e720d9d293ee7dfa1ea3328d5b612b870c753c136e551b1cca30.wasm, 11969, 3804, 3364
contracts-53458367/d0de20f0b419313447c0b0e7c98518c837ebc5d4df61c7149071c70e181c9873.wasm, 3528, 496, 449
contracts-53458367/d14e8cf2e2c07ac4237e4804a50d02c717333ab2a1a4ed63cc63228e265b0a0d.wasm, 17791, 10988, 10273
contracts-53458367/d181b9ed7a67f35843ffcb48a9dd93153bbd17367bf32fae7cac384023318db5.wasm, 721, 56, 44
contracts-53458367/d2cd4e0db809ace6a6a711800ae42303b3fe7e7c1927f446611db1e9465bdeb6.wasm, 7472, 1324, 1152
contracts-53458367/d370dc79be4af9922fc34d431c0dceff8268b5f9c81b18bf877e855645e48023.wasm, 3148, 804, 689
contracts-53458367/d3926a274eccc3713232625984f0a5177dba0267f58f40a9972371ba4bc97980.wasm, 22578, 3876, 3382
contracts-53458367/d44487d42355ac978ddb16c28ac4672d91771e918bab07e2cc4c768e7f6fcee6.wasm, 10572, 1320, 1176
contracts-53458367/d50d9847826a118ce27cf1c32ad56c387290888aa1c6ef6f874318e013d31bf7.wasm, 18447, 596, 523
contracts-53458367/d567b550d95b4e57ef2024eba805f6046ac1f2cc30965908174940ef6973a879.wasm, 3657, 1144, 987
contracts-53458367/d5c8ed84c56192201b061e68e11d7376e1342364da3aec7c2e053a33dcae03f1.wasm, 23709, 2764, 2405
contracts-53458367/d6555015ec88a308950f7be48eec3112cb899a86b1d5088cd63843b7ed1d4f2a.wasm, 6595, 5060, 4364
contracts-53458367/d6cb6bc2da52e5a05e8069a4c45803b02148faf98c0814f787982ac0bbf78368.wasm, 35421, 6252, 5407
contracts-53458367/d7c187f1242d38ebbc61fb0054f3cff039a2e5000323abe7398a7cf0cec3ff01.wasm, 535, 88, 82
contracts-53458367/d7dba14ac5b1e933e4eb3452e5ecad3e67dfbe3c68acc3bc121964835d337136.wasm, 4336, 1276, 1101
contracts-53458367/d8cfce5e264b8632c26da735bdd40112d128bdb58a25dbd1bf70fe279f305132.wasm, 7184, 1296, 1125
contracts-53458367/d93d3f5a1b8175ceecd3536f1c6f58911f8610a99b32aa82c9cc9f3ba85001e7.wasm, 42617, 4904, 4160
contracts-53458367/d9c309855b865c551bba1952fbcc826867d704ef12aaf587a9bc13357f4915b3.wasm, 1171, 232, 212
contracts-53458367/d9db3bc7d8d59fe1c09a704169aa81f9e958277358917b9cb16bf0c43b375ce0.wasm, 15205, 2376, 2032
contracts-53458367/db303093675d950db4fdb1c5d9710bfe5c17e2e03f4c2ea683689c427ac586d6.wasm, 42980, 3664, 3125
contracts-53458367/db5d979088a7249a7267a52b6b7ca42577c9b482594307fd8d4039fb8009cb8d.wasm, 28399, 4828, 4327
contracts-53458367/db922a279ac016a3c6c0247176dd2b4db8a58acae199a51cabc8991f86510b7d.wasm, 21621, 2560, 2081
contracts-53458367/dc6a81db12b29c536da8cd9bda8d06d0cc61c131855b4e7309d4c8f301c61e67.wasm, 7629, 1364, 1184
contracts-53458367/ddf6e436ca42ac3ae389ee1e278633c8c2a1fac12d0f791681b756087dfeec2f.wasm, 15127, 1664, 1456
contracts-53458367/defa6f74e04bab35b74d8007adf39e20902dbe65995efadd79c0c35269621f9b.wasm, 18708, 2208, 1820
contracts-53458367/df26113146c5507e63b15bcf3812aaaefa8dba44aeb071b62cdc526ea3f058e9.wasm, 1320, 412, 353
contracts-53458367/df7038ed9bd30e83953acb56190d5e4ddb0e0e7a6dae2da97c609d87c77a29ef.wasm, 39146, 5872, 5352
contracts-53458367/df88820e231ad8f3027871e5dd3cf45491d7b7735e785731466bfc2946008608.wasm, 22573, 2180, 1783
contracts-53458367/e0c931985f9bbb4f813a4e9093fd4f999d4caa3a9a4edcd06fa55d918e3bf6f1.wasm, 19253, 5560, 5021
contracts-53458367/e1429fb1b8de1085194cdfab86b8c94ae36003d0b0e5525d286794f9fbb762f8.wasm, 3843, 1064, 939
contracts-53458367/e1464afcf0c7c01e4306e3eb9d16f653500fbaa31c3cce0afd675449d58cea14.wasm, 17834, 3604, 3194
contracts-53458367/e1775f270149d57fd75b220736fedc2b34e2d9c86487aa13da367323a2fbc80d.wasm, 10485, 1276, 1135
contracts-53458367/e18bfefbf6e65d7f345331991cebcd1e5614d6539d1204a7b71bdf5c3b6032bf.wasm, 23066, 3536, 3005
contracts-53458367/e1f9ac0ff71284b349b3b0a5003f3e07acad11e9ad744706199ce5f805d45eb5.wasm, 17223, 3400, 2996
contracts-53458367/e2fcdfac1cfea28c3ac7ea98feac0dee259749f87a4981d98c680cdd89631465.wasm, 893, 84, 65
contracts-53458367/e3476fd667a363e3089408684603a24fd37e9d4a853a8f80f0cf6965ec1387d4.wasm, 293, 36, 31
contracts-53458367/e5c4e3ddc32b15565c4aff1d93e3de075bf56cb391f3084f4367815c2d5acb94.wasm, 5872, 768, 663
contracts-53458367/e6e9f6cc3ab3479652d81d96b6f2e0d7db6d1ff00a742407ae56941388d1b25f.wasm, 17150, 3276, 2834
contracts-53458367/e73d160f637ebc2860618a5683de0bb98d1ddab97d2df4f49c3e436880d10391.wasm, 764, 276, 278
contracts-53458367/e775f8b9783f6554f70323c0593ffa22397d11f948766030054c024fb522a494.wasm, 32975, 6636, 5906
contracts-53458367/e7af86c71220f1c2138343102994b52d89436c07764dbc2e3d440daba982159b.wasm, 546, 172, 174
contracts-53458367/e9dcd65a454f04c3659cde994f86ed7a6c366a0c1a1c9f38322ecc47abab7aea.wasm, 4760, 1348, 1179
contracts-53458367/e9fe472900f55a45fcd53bbba989e44a92a003a17dd6517098dec679ce7d4843.wasm, 21245, 3720, 3233
contracts-53458367/ea1a5b73f3c46c394917a353665c9518a68458eea5046a8780531f2b7d6820c5.wasm, 5873, 1188, 1005
contracts-53458367/ea1b958ff0fa0630b3b11f868aa87416800fb7beb7cf2bb51ce3273abadac3d9.wasm, 11188, 1136, 1045
contracts-53458367/ea7102e174c649fed93477dd4cfffe4c9bcf68adcf7baf8737dbf6f3fcb47a8a.wasm, 7496, 5112, 4403
contracts-53458367/eae2b0a3a2c1430f7348e1586bb3e0217b8c961c0d0962bad4cbe578a3a09bca.wasm, 27270, 2012, 1773
contracts-53458367/eb94566536d7f56c353b4760f6e359eca3631b70d295820fb6de55a796e019ae.wasm, 13748, 1964, 1695
contracts-53458367/ec5b4d12e6cacdc95b97089b04403ee6b7af4500290b938f9f2af85e6ed771ca.wasm, 3282, 496, 449
contracts-53458367/ed14817575c87b63b4285b020fcf76ab0a086580132167f73d179d62ff7a2a20.wasm, 12959, 1008, 887
contracts-53458367/edfe85707a761801024f76f740d4bd9756ae883de6e3b0f5f7d201758bf77a4e.wasm, 29644, 2992, 2589
contracts-53458367/eea70a48a2fbac11ed98c081b11dbdce89e6be8d421a833228069497c1c50d28.wasm, 7192, 496, 426
contracts-53458367/ef07fb53c7e9207f191371a9b87a757a05255938c6dd04b0b5507299ff6d119b.wasm, 7478, 1336, 1155
contracts-53458367/efcc04290bb0517845b954f21546f329bed6d8c32f52e3ff08cbe265e5dbf8c5.wasm, 32587, 4820, 4281
contracts-53458367/f0687241de338157d674a775ffe3e82e5e28f851b88208e1c3ef783848df84aa.wasm, 1003, 48, 42
contracts-53458367/f090268151050dbd6145c97061205057bf33009d5186ef3016835a62947d3d57.wasm, 8434, 1828, 1612
contracts-53458367/f102c0e7bc02baa38deb1ee1909afe75e945901603918de01f869e9ca07bac2a.wasm, 6412, 1560, 1316
contracts-53458367/f23bb9267b1e6fc089b42906d4a7813b52659b8532d5e73dc0d9dccc501b76cd.wasm, 10485, 1804, 1548
contracts-53458367/f29c8762a2b6976888d83ec8be6d16fa3808f7a783f58398d07ffa96e8850ad4.wasm, 13668, 2768, 2385
contracts-53458367/f2c19b9103a768fc71f53005f614f885bf17bcb2d34638ff7886c504d3ce24c4.wasm, 43371, 3696, 3157
contracts-53458367/f2f8cf7c666bfd5b4ce017051d96c18ea5a721d0aa1344ebf98287d6793a1131.wasm, 584, 100, 96
contracts-53458367/f39aaeafde37f067b848011475524f5fa25916b1ff135ed273e79663c122490b.wasm, 8626, 1576, 1372
contracts-53458367/f3c34bb8d77619e13e7980eda578b7c235aba9991db27b4137dfb8b5f81bea43.wasm, 9091, 984, 849
contracts-53458367/f4638650fa5f4ec5d79a232006b99602339ed44b5c880575a322b7b05dcf1e52.wasm, 1874, 308, 283
contracts-53458367/f4b28cb84c0c36642fb533074a4602f7eddfa054cdf39b8c1f032054e0ad2db7.wasm, 4792, 1380, 1201
contracts-53458367/f4e3dba6d9a3603fc5488f0937d08ebc4e9f53934dc08336fa828e2f8954ca95.wasm, 20403, 4696, 4266
contracts-53458367/f55016cec9190712a7e5e58e09087bcc899393eb0d99353a5fece47bb790a7fb.wasm, 6189, 1324, 1152
contracts-53458367/f5529df0050d96a8f496f277b00cec462fee393bb8ff2a2ebfd4d224b0a12ebb.wasm, 6324, 2424, 2182
contracts-53458367/f5a06865c6ac90cd11c2f416fdad568da8350e0a7119fdb315595da5e8f9f230.wasm, 8335, 776, 665
contracts-53458367/f5bb5a1d69d1996bd6c883ebe026e7a24989cb7dacfe1ffa8d285e1da3ef692a.wasm, 21946, 2920, 2487
contracts-53458367/f5bdd7c4b58401cd3c28bd4ba4162650fe1971f9b22c27b5be7c4d3664596a96.wasm, 42801, 5460, 4639
contracts-53458367/f5cbc8a921a08b4f34ef6f1adc99070eb5fa2fecb4f73e3065c4ae5d359cd759.wasm, 65, 0, 0
contracts-53458367/f6060459b9f9a2bf99ff17752674597262eef266a70b713a14e7de1d02d2fcd1.wasm, 20194, 5436, 5260
contracts-53458367/f6a39001923452afda4bb88bca2250f7a2b3f76ced6a5172f458d864b1460576.wasm, 11252, 1216, 1041
contracts-53458367/f749bab8cae43065041d0153259569613121cf6ebc3e851e84df355855551ee1.wasm, 1104, 240, 223
contracts-53458367/f7610d3df2b5207b869bba1d3b9c4a7306b36af737746a1fb0eb3201d26c6d7c.wasm, 27180, 1988, 1755
contracts-53458367/f786ecc0de98f9c9e8d151d7ad7e82eb2a3afd4b8880c20f07ee51141a24cedc.wasm, 1874, 308, 283
contracts-53458367/f84321e8a35e598556761f331b22ec386f56338945152ec3f332d8b3ee9679f0.wasm, 13492, 2712, 2336
contracts-53458367/f8a6ecbc63ba831b84935be731bbd635bcc1c9f5cb150a5c1033e142515125e5.wasm, 11498, 1244, 1061
contracts-53458367/f982bf01a715aa47aaaec9313ee87330e96ae0d6ff74bc3e1e6523d4827fc575.wasm, 7472, 1324, 1152
contracts-53458367/fad66860ede13d0fc0fed59828783a77828c1be530559d53e72c7282619a7956.wasm, 16818, 1524, 1362
contracts-53458367/fb4d20b13edacf0454a1149a0db8d0fe4f0a29f7045d9ab952e299298bb88d64.wasm, 6612, 644, 600
contracts-53458367/fb824a851aaf30d482c4daa15860e2267e845f18a82f7eca0e159bf62df4fd03.wasm, 22061, 5552, 4935
contracts-53458367/fba4e26bb56b2d735fcc5255772a36156fa966b7173b814be515e22d184a301e.wasm, 41868, 4628, 3904
contracts-53458367/fc1bbe9ca0b9b4c5b4fcb0b5d5f0b443320eb7f9efa406ee875bf2f820a8671c.wasm, 21317, 3792, 3302
contracts-53458367/fcd1685d0e8b7eb82758b84430fdb1755c90816694f42d1757a0d7b5b1f0bbb3.wasm, 17252, 2084, 1790
contracts-53458367/fd54ee003f6cd0594f12ef3413a682324934f11005954f530c83b2fd32f41228.wasm, 8027, 1844, 1661
contracts-53458367/fe900345f7101eb541282fdd595e57eaf281184e14795480188b6d87a598e5cf.wasm, 309, 48, 46
contracts-53458367/ff7f0e12bd7ddb6f91f6cff51a73eb5054d0f18d1c29052abb633fc4b0ee9e05.wasm, 4448, 1168, 1021
contracts-53458367/ffd2249433d021c6a215e08d21b834ee985e92b8e6dccb816849033fa4523ab9.wasm, 28872, 2876, 2631
contracts-53458367/ffddf40e7c479975864512a0e40dd43e0fe5ee0c8b8ea47329d973ba7477138e.wasm, 6193, 1324, 1152
